measure_date,weight,box_weight,ball_number,angel,campaign,taste,net_weight,mean_weight
2017-11-19,34.001999999999995,4.756,16,0,1,0,29.245999999999995,1.8278749999999997
2017-11-20,34.435,4.805,17,0,1,0,29.630000000000003,1.7429411764705884
2017-11-21,34.0,4.815,18,0,1,0,29.185,1.6213888888888888
2017-11-22,34.193000000000005,4.8180000000000005,17,0,1,0,29.375000000000004,1.7279411764705885
2017-11-23,35.344,4.836,16,0,1,0,30.508000000000003,1.9067500000000002
2017-11-23,34.031,4.836,18,0,1,0,29.195,1.6219444444444444
2017-11-23,34.198,4.834,18,0,1,0,29.364,1.6313333333333333
2017-11-23,34.359,4.863,20,0,1,0,29.496000000000002,1.4748
2017-11-23,34.363,4.7989999999999995,17,0,1,0,29.564,1.7390588235294118
2017-11-23,34.265,4.829,18,0,1,0,29.436,1.6353333333333333
2017-11-23,34.111999999999995,4.8069999999999995,17,0,1,0,29.304999999999996,1.7238235294117645
2017-11-23,34.266999999999996,4.849,17,0,1,0,29.417999999999996,1.7304705882352938
2017-11-23,34.593,4.811,16,0,1,0,29.782000000000004,1.8613750000000002
2017-11-23,34.273,4.832,18,0,1,0,29.441000000000003,1.6356111111111113
2017-11-23,34.342,4.819,19,0,1,0,29.523,1.553842105263158
2017-11-25,34.941,4.84,18,0,1,0,30.101000000000003,1.672277777777778
2017-11-25,34.138000000000005,4.806,17,0,1,0,29.332000000000004,1.7254117647058826
2017-11-25,34.193000000000005,4.81,18,0,1,0,29.383000000000006,1.6323888888888893
2017-11-25,34.097,4.803,17,0,1,0,29.294,1.7231764705882353
2017-11-25,34.442,4.8260000000000005,17,0,1,0,29.616,1.7421176470588235
2017-11-26,34.113,4.815,18,0,1,0,29.298,1.6276666666666666
2017-11-26,34.343,4.834,19,0,1,0,29.509000000000004,1.553105263157895
2017-11-26,34.124,4.835,18,0,1,0,29.289,1.6271666666666667
2017-11-26,34.223,4.805,18,0,1,0,29.418,1.6343333333333332
2017-11-27,34.245,4.755,18,0,1,0,29.49,1.6383333333333332
2017-11-27,34.08,4.768,17,0,1,0,29.311999999999998,1.7242352941176469
2017-11-28,34.451,4.779,17,0,1,0,29.672,1.7454117647058824
2017-11-28,34.202,4.777,18,0,1,0,29.424999999999997,1.634722222222222
2017-11-30,34.115,4.791,18,0,1,0,29.324,1.6291111111111112
2017-11-30,34.284,4.857,19,0,1,0,29.427,1.5487894736842105
2017-12-03,34.211999999999996,4.823,18,0,1,0,29.388999999999996,1.632722222222222
2017-12-03,35.28,4.8180000000000005,19,0,1,0,30.462,1.6032631578947367
2017-12-04,34.513000000000005,4.71,16,0,2,0,29.803000000000004,1.8626875000000003
2017-12-04,33.644,4.731,16,0,2,0,28.912999999999997,1.8070624999999998
2017-12-04,34.14,4.787,18,0,1,0,29.353,1.6307222222222224
2017-12-04,34.001999999999995,4.798,17,0,1,0,29.203999999999994,1.7178823529411762
2017-12-04,34.667,4.823,17,0,1,0,29.844,1.755529411764706
2017-12-05,34.144,4.7780000000000005,17,0,1,0,29.366,1.7274117647058824
2017-12-05,33.918,4.7860000000000005,16,0,1,0,29.131999999999998,1.8207499999999999
2017-12-07,34.141999999999996,4.753,17,0,1,0,29.388999999999996,1.7287647058823528
2017-12-07,34.033,4.763,18,0,1,0,29.270000000000003,1.6261111111111113
2017-12-09,34.364000000000004,4.845,16,0,1,0,29.519000000000005,1.8449375000000003
2017-12-09,34.69,4.861000000000001,16,0,1,0,29.828999999999997,1.8643124999999998
2017-12-09,36.507,4.8260000000000005,23,0,1,2,31.680999999999997,1.3774347826086955
2017-12-09,35.141999999999996,4.831,22,0,1,2,30.310999999999996,1.3777727272727271
2017-12-10,31.103,4.776,15,0,2,1,26.327,1.7551333333333334
2017-12-10,31.476999999999997,4.7669999999999995,15,0,2,1,26.709999999999997,1.7806666666666664
2017-12-10,31.615,4.777,15,0,2,1,26.837999999999997,1.7892
2017-12-10,31.212,4.785,15,0,2,1,26.427,1.7618
2017-12-10,31.394000000000002,4.819,15,0,2,1,26.575000000000003,1.771666666666667
2017-12-12,34.222,4.89,15,0,1,0,29.332,1.9554666666666667
2017-12-13,34.564,4.882,16,0,1,0,29.682000000000002,1.8551250000000001
2017-12-14,33.925,4.8,16,0,1,0,29.124999999999996,1.8203124999999998
2017-12-14,34.2,4.803999999999999,16,0,1,0,29.396000000000004,1.8372500000000003
2017-12-15,34.326,4.8,18,0,1,0,29.526,1.6403333333333334
2017-12-15,34.0098,4.824,18,0,1,0,29.1858,1.6214333333333333
2017-12-15,35.308,4.766,22,0,1,3,30.542,1.3882727272727273
2017-12-22,30.186999999999998,5.914,15,1,0,4,24.272999999999996,1.6181999999999996
2017-12-22,29.858,5.847,16,0,0,4,24.011,1.5006875
2017-12-23,34.293,4.812,16,0,1,0,29.480999999999998,1.8425624999999999
2017-12-23,34.852,4.784,18,0,1,0,30.067999999999998,1.6704444444444444
2017-12-25,34.186,4.787,15,0,1,0,29.399,1.9599333333333333
2017-12-25,34.436,4.795,17,0,1,0,29.641,1.7435882352941174
2017-12-28,34.205,4.82,15,0,1,0,29.384999999999998,1.9589999999999999
2017-12-28,34.063,4.835,14,0,1,0,29.228,2.0877142857142856
2017-12-28,34.187,4.812,20,0,1,5,29.374999999999996,1.4687499999999998
2017-12-28,32.824,4.803,19,0,1,5,28.020999999999997,1.4747894736842104
2017-12-28,29.465999999999998,5.8839999999999995,15,1,0,4,23.581999999999997,1.5721333333333332
2017-12-28,29.340999999999998,5.789,15,0,0,4,23.552,1.5701333333333334
2017-12-28,30.68,5.7989999999999995,16,0,0,4,24.881,1.5550625
2017-12-28,29.64,5.796,15,0,0,4,23.844,1.5896000000000001
2017-12-28,29.569000000000003,5.875,15,0,0,4,23.694000000000003,1.5796000000000001
2018-01-03,34.064,4.744,16,0,1,0,29.32,1.8325
2018-01-03,33.953,4.738,15,0,1,0,29.215000000000003,1.9476666666666669
2018-01-03,29.671999999999997,5.901,15,0,0,4,23.770999999999997,1.584733333333333
2018-01-03,31.099,5.822,16,0,0,4,25.277,1.5798125
2018-01-06,33.882,4.758,17,0,1,0,29.124,1.7131764705882353
2018-01-06,34.364000000000004,4.765,17,0,1,0,29.599000000000004,1.7411176470588237
2018-01-08,31.396,4.74,16,0,1,1,26.656,1.666
2018-01-08,31.728,4.761,16,0,1,1,26.967000000000002,1.6854375000000001
2018-01-09,29.706,5.843,16,0,0,4,23.863,1.4914375
2018-01-11,34.048,4.8389999999999995,15,0,1,0,29.209000000000003,1.947266666666667
2018-01-11,34.344,4.813,15,0,1,0,29.531000000000002,1.9687333333333334
2018-01-14,33.855,4.673,16,0,1,0,29.181999999999995,1.8238749999999997
2018-01-14,36.243,4.7219999999999995,23,0,1,3,31.521,1.3704782608695651
2018-01-14,34.419000000000004,4.805,21,0,1,2,29.614000000000004,1.4101904761904764
2018-01-15,34.194,4.731,15,0,1,0,29.463,1.9642000000000002
2018-01-15,35.111,4.753,15,0,1,0,30.357999999999997,2.0238666666666663
2018-01-17,34.089,4.773,15,0,1,0,29.316,1.9544
2018-01-17,33.971,4.78,15,0,1,0,29.190999999999995,1.9460666666666664
2018-01-22,34.321,4.859,16,0,1,0,29.461999999999996,1.8413749999999998
2018-01-22,34.219,4.8260000000000005,15,0,1,0,29.393,1.9595333333333333
2018-01-23,34.208,4.747,16,2,1,0,29.461,1.8413125
2018-01-23,34.171,4.744,16,0,1,0,29.427,1.8391875
2018-01-23,34.192,4.728,15,0,1,0,29.464,1.9642666666666666
2018-01-25,33.875,4.791,15,0,1,0,29.084,1.9389333333333334
2018-01-25,33.998000000000005,4.8,15,0,1,0,29.198000000000004,1.9465333333333337
2018-01-27,35.032,4.708,18,0,2,0,30.323999999999998,1.6846666666666665
2018-01-27,34.09,4.731,15,0,1,0,29.359,1.9572666666666667
2018-01-27,34.096,4.663,16,0,1,0,29.432999999999996,1.8395624999999998
2018-01-27,34.628,4.762,16,0,1,0,29.866,1.866625
2018-01-27,34.22,4.732,14,0,1,0,29.488,2.1062857142857143
2018-01-27,33.999,4.715,15,0,1,0,29.284000000000002,1.9522666666666668
2018-01-28,34.066,4.838,16,0,1,0,29.228,1.82675
2018-01-28,34.17,4.834,15,0,1,0,29.336000000000002,1.9557333333333335
2018-02-08,34.785,4.848,22,0,1,2,29.936999999999998,1.3607727272727272
2018-02-08,34.945,4.872,22,0,1,2,30.073,1.3669545454545455
2018-02-12,33.971,4.695,15,0,1,0,29.275999999999996,1.951733333333333
2018-02-12,34.646,4.708,16,0,1,0,29.938000000000002,1.8711250000000001
2018-02-13,33.786,4.706,15,0,1,0,29.080000000000002,1.9386666666666668
2018-02-13,34.069,4.732,14,0,1,0,29.337000000000003,2.0955000000000004
2018-02-18,34.137,4.7989999999999995,18,0,1,0,29.338,1.629888888888889
2018-02-18,34.319,4.718999999999999,18,0,1,0,29.6,1.6444444444444446
2018-02-18,34.167,4.78,18,0,1,0,29.387,1.6326111111111112
2018-02-18,33.998000000000005,4.698,18,0,1,0,29.300000000000004,1.627777777777778
2018-02-18,34.104,4.79,16,0,1,0,29.314,1.832125
2018-02-20,33.805,4.703,17,0,1,0,29.102,1.7118823529411764
2018-02-20,34.14,4.69,17,0,1,0,29.45,1.7323529411764707
2018-02-20,33.974000000000004,4.763999999999999,17,0,1,0,29.210000000000004,1.7182352941176473
2018-02-21,34.18,4.777,18,0,1,0,29.403,1.6335
2018-02-21,33.998000000000005,4.782,18,0,1,0,29.216000000000005,1.6231111111111114
2018-02-21,34.148,4.695,19,0,1,0,29.453000000000003,1.5501578947368422
2018-02-21,33.93,4.687,18,0,1,0,29.243,1.624611111111111
2018-02-25,28.811999999999998,5.625,16,0,0,6,23.186999999999998,1.4491874999999999
2018-02-25,28.557,5.5920000000000005,15,0,0,6,22.964999999999996,1.5309999999999997
2018-02-25,28.975,5.662999999999999,16,0,0,6,23.312,1.457
2018-02-25,31.636,5.599,17,0,0,6,26.037,1.5315882352941177
2018-02-28,34.563,4.793,19,0,1,0,29.770000000000003,1.566842105263158
2018-02-28,34.078,4.771,17,0,1,0,29.307000000000002,1.7239411764705883
2018-02-28,34.323,4.7860000000000005,18,0,1,0,29.537,1.6409444444444443
2018-02-28,34.111999999999995,4.796,18,0,1,0,29.315999999999995,1.6286666666666665
2018-03-01,33.961,4.743,15,0,0,0,29.217999999999996,1.9478666666666664
2018-03-01,34.131,4.734,16,0,0,0,29.397,1.8373125
2018-03-04,31.820999999999998,4.754,16,0,0,1,27.067,1.6916875
2018-03-04,31.123,4.766,15,0,0,1,26.357,1.7571333333333332
2018-03-04,31.138,4.773,15,0,0,1,26.365000000000002,1.7576666666666667
2018-03-04,31.378,4.754,15,0,0,1,26.624000000000002,1.7749333333333335
2018-03-07,34.059,4.747,14,0,0,0,29.311999999999998,2.0937142857142854
2018-03-07,34.062,4.788,16,0,0,0,29.273999999999997,1.8296249999999998
2018-03-07,34.298,4.771,16,0,0,0,29.527,1.8454375
2018-03-22,34.223,4.827,15,0,0,0,29.396,1.9597333333333333
2018-03-22,34.074,4.854,15,0,0,0,29.22,1.948
2018-03-26,35.589,4.841,22,0,1,3,30.747999999999998,1.3976363636363636
2018-03-26,28.906999999999996,5.768,15,0,0,6,23.138999999999996,1.5425999999999997
2018-03-26,34.124,4.74,17,0,1,0,29.384,1.7284705882352942
2018-03-26,34.486,4.757,18,0,1,0,29.729,1.6516111111111111
2018-03-26,33.998000000000005,4.755,17,0,1,0,29.243000000000006,1.7201764705882356
2018-03-26,34.551,4.73,18,0,1,0,29.821,1.6567222222222222
2018-03-29,35.18,4.8389999999999995,16,0,0,0,30.341,1.8963125
2018-03-29,34.260999999999996,4.851,17,0,0,0,29.409999999999997,1.7299999999999998
2018-03-29,34.148,4.859,16,0,0,0,29.289,1.8305625
2018-04-01,31.845,4.817,16,0,0,1,27.028,1.68925
2018-04-02,34.26,4.843999999999999,17,0,0,0,29.415999999999997,1.7303529411764704
2018-04-02,34.518,4.848,16,0,0,0,29.67,1.854375
2018-04-10,34.179,4.913,16,0,0,0,29.266000000000002,1.8291250000000001
2018-04-10,34.349000000000004,4.934,17,0,0,0,29.415000000000003,1.730294117647059
2018-04-10,34.215,4.906000000000001,15,0,0,0,29.309000000000005,1.9539333333333337
2018-04-11,34.525999999999996,4.789,16,0,0,0,29.736999999999995,1.8585624999999997
2018-04-11,33.998000000000005,4.78,16,0,0,0,29.218000000000004,1.8261250000000002
2018-04-11,33.889,4.748,16,0,0,0,29.141000000000002,1.8213125000000001
2018-04-12,34.046,4.824,15,0,0,0,29.222,1.9481333333333335
2018-04-12,31.529,4.7860000000000005,15,0,0,1,26.743,1.7828666666666666
2018-04-14,34.376,4.817,16,0,0,0,29.558999999999997,1.8474374999999998
2018-04-14,34.224000000000004,4.856,14,0,0,0,29.368000000000002,2.097714285714286
2018-04-14,33.955,4.723,15,0,0,0,29.232,1.9487999999999999
2018-04-14,35.214,4.757,16,0,0,0,30.457,1.9035625
2018-04-14,34.0,4.728,16,0,0,0,29.272,1.8295
2018-04-14,33.853,4.738,15,0,0,0,29.115000000000002,1.941
2018-04-14,34.06,4.738,15,0,0,0,29.322000000000003,1.9548
2018-04-16,34.088,4.7780000000000005,15,0,0,0,29.310000000000002,1.9540000000000002
2018-04-18,34.783,4.805,15,0,0,0,29.978,1.9985333333333335
2018-04-18,34.080999999999996,4.773,15,0,0,0,29.307999999999996,1.9538666666666664
2018-04-18,34.048,4.76,15,0,0,0,29.288000000000004,1.9525333333333337
2018-04-18,34.264,4.815,16,0,0,0,29.449,1.8405625
2018-04-18,34.28,4.838,16,0,0,0,29.442,1.840125
2018-04-18,35.486,4.829,16,0,0,0,30.656999999999996,1.9160624999999998
2018-04-22,34.336,4.837,17,0,0,0,29.499,1.735235294117647
2018-04-22,34.707,4.8389999999999995,19,0,0,0,29.868000000000002,1.572
2018-04-22,33.999,4.811,15,0,0,0,29.188000000000002,1.9458666666666669
2018-04-22,34.141999999999996,4.854,15,0,0,0,29.287999999999997,1.952533333333333
2018-04-23,34.131,4.877,14,0,0,0,29.254,2.089571428571429
2018-04-23,34.067,4.887,15,0,0,0,29.18,1.9453333333333334
2018-04-23,34.349000000000004,4.871,14,0,0,0,29.478,2.105571428571429
2018-04-23,34.324,4.78,15,0,0,0,29.543999999999997,1.9695999999999998
2018-04-23,34.0,4.7330000000000005,15,0,0,0,29.267,1.9511333333333334
2018-04-26,34.094,4.794,16,0,0,0,29.3,1.83125
2018-04-26,33.716,4.79,15,0,0,0,28.926000000000002,1.9284000000000001
2018-04-29,34.179,4.841,18,0,0,0,29.338,1.629888888888889
2018-04-29,34.876,4.863,18,1,0,0,30.012999999999998,1.6673888888888888
2018-04-29,34.38,4.836,17,1,0,0,29.544000000000004,1.7378823529411767
2018-04-29,34.106,4.886,17,0,0,0,29.220000000000002,1.7188235294117649
2018-05-11,36.361,4.874,16,0,0,0,31.487,1.9679375
2018-05-11,34.001,4.914,16,0,0,0,29.086999999999996,1.8179374999999998
2018-05-11,34.179,4.896,17,0,0,0,29.283,1.7225294117647059
2018-05-11,34.266,4.8839999999999995,15,0,0,0,29.381999999999998,1.9587999999999999
2018-05-12,34.367,4.874,14,0,0,0,29.493,2.106642857142857
2018-05-12,34.223,4.875,18,0,0,0,29.348,1.6304444444444444
2018-05-12,34.102,4.872,18,1,0,0,29.229999999999997,1.6238888888888887
2018-05-12,34.321,4.888999999999999,17,0,0,0,29.432,1.7312941176470587
2018-05-14,34.13,4.795,16,1,0,0,29.335,1.8334375
2018-05-14,34.001,4.871,16,0,0,0,29.129999999999995,1.8206249999999997
2018-05-14,34.352,4.894,16,0,0,0,29.458,1.841125
2018-05-14,34.036,4.871,17,0,0,0,29.165,1.7155882352941176
2018-05-15,34.473,4.881,19,0,0,0,29.592,1.5574736842105263
2018-05-15,34.308,4.88,18,0,0,0,29.428,1.6348888888888888
2018-05-16,34.49,4.883,17,0,0,0,29.607000000000003,1.7415882352941179
2018-05-16,34.25,4.876,16,0,0,0,29.374,1.835875
2018-05-16,34.321,4.909,14,0,0,0,29.412,2.100857142857143
2018-05-16,34.785,4.909,16,0,0,0,29.875999999999998,1.8672499999999999
2018-05-19,34.16,4.773,15,0,0,0,29.386999999999997,1.9591333333333332
2018-05-19,34.691,4.852,15,0,0,0,29.839000000000002,1.9892666666666667
2018-05-19,34.205,4.879,15,0,0,0,29.326,1.9550666666666667
2018-05-19,35.001,4.769,16,0,0,0,30.232,1.8895
2018-05-22,34.389,4.931,17,0,0,0,29.458000000000002,1.7328235294117649
2018-05-22,34.645,4.919,16,0,0,0,29.726000000000003,1.8578750000000002
2018-05-22,33.897,4.893,16,0,0,0,29.003999999999998,1.8127499999999999
2018-05-22,34.428000000000004,4.89,17,0,0,0,29.538000000000004,1.7375294117647062
2018-05-25,34.236,4.791,17,0,0,0,29.444999999999997,1.7320588235294117
2018-05-28,35.81,4.942,17,0,0,0,30.868000000000002,1.8157647058823532
2018-05-28,37.118,4.886,16,0,0,0,32.232,2.0145
2018-05-28,34.486,4.939,17,0,0,0,29.546999999999997,1.7380588235294117
2018-05-28,34.357,4.962,16,0,0,0,29.395,1.8371875
2018-06-06,33.999,4.748,16,0,0,0,29.251,1.8281875
2018-06-06,34.104,4.792,16,1,0,0,29.311999999999998,1.8319999999999999
2018-06-06,34.758,4.725,18,0,0,0,30.033,1.6685
2018-06-06,34.258,4.896,18,0,0,0,29.362000000000002,1.6312222222222224
2018-06-06,34.152,4.885,18,0,0,0,29.267000000000003,1.6259444444444446
2018-06-07,34.086999999999996,4.788,16,0,0,0,29.298999999999996,1.8311874999999997
2018-06-07,34.22,4.784,16,0,0,0,29.436,1.83975
2018-06-10,34.248000000000005,4.867,16,0,0,0,29.381000000000004,1.8363125000000002
2018-06-10,34.687,4.894,16,0,0,0,29.793,1.8620625
2018-06-10,34.167,4.894,15,0,0,0,29.273000000000003,1.9515333333333336
2018-06-10,34.37,4.875,17,0,0,0,29.494999999999997,1.7349999999999999
2018-06-11,34.413000000000004,4.788,19,0,0,0,29.625000000000004,1.5592105263157896
2018-06-11,34.37,4.765,18,0,0,0,29.604999999999997,1.644722222222222
2018-06-13,34.193000000000005,4.802,18,0,0,0,29.391000000000005,1.6328333333333336
2018-06-13,34.253,4.789,18,0,0,0,29.464,1.6368888888888888
2018-06-17,34.248000000000005,4.794,19,0,0,0,29.454000000000004,1.5502105263157897
2018-06-17,34.118,4.798,19,0,0,0,29.32,1.543157894736842
2018-06-17,34.154,4.76,19,0,0,0,29.394000000000005,1.5470526315789477
2018-06-17,34.935,4.766,19,0,0,0,30.169000000000004,1.5878421052631582
2018-06-19,34.069,4.781000000000001,16,0,0,0,29.288000000000004,1.8305000000000002
2018-06-19,34.196999999999996,4.832,17,0,0,0,29.364999999999995,1.7273529411764703
2018-06-19,34.488,4.831,18,0,0,0,29.657,1.6476111111111111
2018-06-19,35.745,4.832,19,0,0,0,30.912999999999997,1.6269999999999998
2018-06-19,34.382,4.797,18,0,0,0,29.584999999999997,1.643611111111111
2018-06-20,34.544000000000004,4.8919999999999995,16,0,0,0,29.652000000000005,1.8532500000000003
2018-06-20,34.229,4.88,15,0,0,0,29.349,1.9566000000000001
2018-06-20,34.225,4.865,14,0,0,0,29.36,2.097142857142857
2018-06-20,34.058,4.853,16,1,0,0,29.205,1.8253125
2018-06-20,35.06,4.82,17,0,0,0,30.240000000000002,1.778823529411765
2018-06-23,34.173,4.821000000000001,17,0,0,0,29.352,1.7265882352941178
2018-06-23,34.383,4.851,17,0,0,0,29.532000000000004,1.7371764705882355
2018-06-23,34.385,4.855,16,0,0,0,29.529999999999998,1.8456249999999998
2018-06-23,34.368,4.829,18,0,0,0,29.539,1.6410555555555557
2018-06-24,34.12,4.849,19,0,0,0,29.270999999999997,1.5405789473684208
2018-06-24,34.531,4.8469999999999995,18,0,0,0,29.683999999999997,1.649111111111111
2018-06-24,35.091,4.862,18,0,0,0,30.229,1.6793888888888888
2018-06-24,35.084,4.853,18,0,0,0,30.231,1.6795
2018-06-25,34.154,4.817,15,0,0,0,29.337000000000003,1.9558000000000002
2018-06-25,34.198,4.7989999999999995,15,0,0,0,29.399,1.9599333333333333
2018-06-28,34.423,4.8580000000000005,17,0,0,0,29.565,1.7391176470588237
2018-06-28,34.402,4.925,16,0,0,0,29.477,1.8423125
2018-06-28,35.128,5.001,16,0,0,0,30.127,1.8829375
2018-06-29,34.338,4.9510000000000005,16,0,0,0,29.387,1.8366875
2018-06-29,34.367,4.928,16,0,0,0,29.438999999999997,1.8399374999999998
2018-07-02,34.568000000000005,4.937,15,0,0,0,29.631000000000004,1.9754000000000003
2018-07-02,34.321,4.913,17,0,0,0,29.407999999999998,1.7298823529411764
2018-07-04,34.913000000000004,4.937,17,0,0,0,29.976000000000003,1.763294117647059
2018-07-04,34.303000000000004,4.94,15,0,0,0,29.363000000000003,1.9575333333333336
2018-07-19,32.366,4.852,16,0,3,7,27.514,1.719625
2018-07-19,32.325,4.845,16,0,3,7,27.480000000000004,1.7175000000000002
2018-07-19,32.592,4.8580000000000005,16,0,3,7,27.733999999999998,1.7333749999999999
2018-07-19,32.478,4.852,16,0,3,7,27.626,1.726625
2018-07-19,33.691,4.872,17,0,3,7,28.819000000000003,1.6952352941176472
2018-07-25,32.421,4.902,16,0,3,7,27.519,1.7199375
2018-07-25,32.393,4.862,16,0,3,7,27.531,1.7206875
2018-07-25,31.578000000000003,4.841,16,0,3,7,26.737000000000002,1.6710625000000001
2018-07-25,32.139,4.886,16,0,3,7,27.253000000000004,1.7033125000000002
2018-07-28,34.159,4.878,17,0,0,0,29.281,1.7224117647058823
2018-07-28,34.568000000000005,4.912,18,0,0,0,29.656000000000006,1.6475555555555559
2018-07-28,34.178000000000004,4.918,17,0,0,0,29.260000000000005,1.7211764705882355
2018-07-28,35.065,4.904,17,0,0,0,30.160999999999998,1.7741764705882352
2018-08-01,34.125,4.87,16,0,3,0,29.255,1.8284375
2018-08-01,33.9,4.888,17,0,3,0,29.012,1.7065882352941177
2018-08-01,34.346,4.88,17,0,3,0,29.465999999999998,1.7332941176470587
2018-08-03,34.199,4.877,17,0,3,0,29.322,1.7248235294117646
2018-08-03,34.287,4.852,16,0,3,0,29.435,1.8396875
2018-08-04,29.448,4.864,17,0,3,8,24.584,1.4461176470588235
2018-08-04,29.319000000000003,4.888,17,0,3,8,24.431000000000004,1.4371176470588238
2018-08-04,28.66,4.921,16,0,3,8,23.739,1.4836875
2018-08-05,34.272,4.802,17,0,3,0,29.47,1.7335294117647058
2018-08-05,34.194,4.81,16,0,3,0,29.384000000000004,1.8365000000000002
2018-08-08,34.281,4.833,17,0,3,0,29.448,1.732235294117647
2018-08-08,34.116,4.835,17,0,3,0,29.281,1.7224117647058823
2018-08-09,34.062,4.8,18,0,3,0,29.261999999999997,1.6256666666666666
2018-08-09,34.098,4.803999999999999,17,0,3,0,29.294,1.7231764705882353
2018-08-27,34.434,4.842,16,0,3,0,29.592,1.8495
2018-08-27,34.496,4.848,18,0,3,0,29.648000000000003,1.6471111111111112
2018-08-29,34.582,4.944,16,0,3,0,29.638,1.852375
2018-08-29,34.592,4.8260000000000005,17,0,3,0,29.766,1.7509411764705882
2018-09-02,33.458,4.922,17,1,3,7,28.535999999999998,1.6785882352941175
2018-09-05,27.601,4.876,15,0,3,9,22.724999999999998,1.515
2018-09-05,29.729,4.888,17,0,3,9,24.841,1.4612352941176472
2018-09-13,34.839,4.917,15,0,3,0,29.921999999999997,1.9948
2018-09-13,34.686,4.947,17,0,3,0,29.739,1.7493529411764706
2018-09-22,34.101,4.91,15,0,3,0,29.191,1.9460666666666666
2018-09-22,34.346,4.898,18,0,3,0,29.447999999999997,1.636
2018-09-23,34.366,4.926,17,0,3,0,29.439999999999998,1.7317647058823529
2018-09-23,36.041,4.947,18,0,3,0,31.093999999999998,1.7274444444444443
2018-10-18,34.686,4.877,18,0,3,0,29.809,1.6560555555555556
2018-10-18,34.222,4.913,16,0,3,0,29.309,1.8318125
2018-10-22,33.836,4.894,17,0,3,0,28.942,1.7024705882352942
2018-10-22,35.467,4.909,19,0,3,0,30.558,1.6083157894736841
2018-10-24,28.225,4.869,16,0,3,9,23.356,1.45975
2018-10-24,27.916999999999998,4.945,16,0,3,9,22.971999999999998,1.4357499999999999
2018-10-24,33.757,4.874,16,0,3,0,28.883,1.8051875
2018-10-25,34.229,4.86,16,0,3,0,29.369,1.8355625
2018-10-25,34.463,4.919,17,0,3,0,29.544,1.7378823529411764
2018-10-25,34.12,4.887,16,0,3,0,29.232999999999997,1.8270624999999998
2018-10-31,34.334,4.874,15,0,3,0,29.460000000000004,1.9640000000000002
2018-10-31,34.129,4.768,16,1,3,0,29.360999999999997,1.8350624999999998
2018-10-31,34.942,4.883,17,0,3,0,30.059,1.7681764705882355
2018-10-31,34.495,4.888999999999999,17,0,3,0,29.605999999999998,1.7415294117647058
2018-11-06,27.87,4.886,15,0,0,11,22.984,1.5322666666666669
2018-11-06,27.0,4.876,14,0,0,11,22.124,1.5802857142857143
2018-11-06,27.944000000000003,4.862,15,0,0,11,23.082,1.5388
2018-11-06,26.834,4.856,14,0,0,11,21.978,1.569857142857143
2018-11-07,33.958,4.869,17,0,3,0,29.089,1.7111176470588234
2018-11-07,33.928000000000004,4.904,16,0,3,0,29.024000000000004,1.8140000000000003
2018-11-07,33.96,4.904,16,0,3,0,29.056,1.816
2018-11-07,33.905,4.877,17,0,3,0,29.028000000000002,1.707529411764706
2018-11-08,27.426,4.894,14,0,0,11,22.531999999999996,1.6094285714285712
2018-11-08,27.166999999999998,4.88,14,0,0,11,22.287,1.5919285714285714
2018-11-08,26.93,4.887,14,0,0,11,22.043,1.5745
2018-11-09,34.052,4.876,18,0,3,0,29.176,1.6208888888888888
2018-11-09,33.843,4.85,16,0,3,0,28.993000000000002,1.8120625000000001
2018-11-09,33.954,4.877,16,0,3,0,29.077,1.8173125
2018-11-13,26.824,4.84,14,0,0,11,21.984,1.5702857142857145
2018-11-13,26.95,4.832,14,0,0,11,22.118,1.5798571428571428
2018-11-14,33.876,4.888999999999999,16,0,3,0,28.987,1.8116875
2018-11-14,33.958,4.853,17,0,3,0,29.104999999999997,1.7120588235294116
2018-11-14,35.334,4.896,17,0,3,0,30.438000000000002,1.7904705882352943
2018-11-17,26.778000000000002,4.841,14,0,0,11,21.937,1.5669285714285714
2018-11-17,27.0,4.817,14,0,0,11,22.183,1.5845
2018-11-17,26.823,4.819,14,0,0,11,22.004,1.5717142857142858
2018-11-18,33.97,4.888999999999999,16,0,3,0,29.081,1.8175625
2018-11-18,34.108000000000004,4.854,17,0,3,0,29.254000000000005,1.720823529411765
2018-11-18,34.171,4.825,16,0,0,0,29.346,1.834125
2018-11-18,34.499,4.825,17,0,0,0,29.674000000000003,1.745529411764706
2018-11-18,35.591,4.856,17,0,0,0,30.735,1.8079411764705882
2018-11-22,34.51,4.895,15,0,3,0,29.615,1.9743333333333333
2018-11-22,34.059,4.877,16,0,3,0,29.182,1.823875
2018-11-22,33.647,4.897,15,0,3,0,28.75,1.9166666666666667
2018-11-25,27.083000000000002,4.878,14,0,0,12,22.205000000000002,1.5860714285714288
2018-11-25,28.682,4.893,16,0,0,12,23.788999999999998,1.4868124999999999
2018-11-25,27.189,4.905,14,0,0,12,22.284,1.5917142857142856
2018-11-25,30.96,4.9239999999999995,15,0,0,1,26.036,1.7357333333333334
2018-11-26,34.224000000000004,4.898,16,0,0,0,29.326000000000004,1.8328750000000003
2018-11-26,34.357,4.876,15,0,0,0,29.480999999999998,1.9653999999999998
2018-11-26,35.54,4.781000000000001,17,0,0,0,30.759,1.8093529411764706
2018-11-26,34.183,4.882,17,0,0,0,29.301000000000002,1.7235882352941179
2018-11-28,26.936,4.864,14,0,0,11,22.072,1.5765714285714285
2018-11-28,27.899,4.8469999999999995,15,0,0,11,23.052,1.5368
2018-12-05,33.998000000000005,4.84,18,0,3,0,29.158000000000005,1.6198888888888892
2018-12-05,34.18,4.913,17,0,3,0,29.267,1.7215882352941176
2018-12-05,34.001,4.904,17,0,3,0,29.096999999999998,1.7115882352941174
2018-12-05,34.071,4.865,16,0,3,0,29.205999999999996,1.8253749999999997
2018-12-05,34.139,4.871,17,1,0,0,29.268,1.7216470588235295
2018-12-05,34.04,4.857,16,0,0,0,29.183,1.8239375
2018-12-06,34.321,4.864,17,0,0,0,29.456999999999997,1.7327647058823528
2018-12-06,34.091,4.803999999999999,16,0,0,0,29.287000000000003,1.8304375000000002
2018-12-06,36.285,4.8180000000000005,17,0,0,0,31.466999999999995,1.8509999999999998
2018-12-06,34.926,4.772,17,1,0,0,30.154000000000003,1.7737647058823531
2018-12-09,27.741999999999997,4.919,15,0,0,12,22.822999999999997,1.5215333333333332
2018-12-09,27.214000000000002,4.915,14,0,0,12,22.299000000000003,1.5927857142857145
2018-12-09,27.467,4.868,15,0,0,12,22.598999999999997,1.5065999999999997
2018-12-09,26.976999999999997,4.87,14,0,0,12,22.106999999999996,1.5790714285714282
2018-12-09,28.116,4.883,15,1,0,12,23.233,1.5488666666666666
2018-12-10,34.298,4.863,18,0,0,0,29.435000000000002,1.6352777777777778
2018-12-11,26.999000000000002,4.8919999999999995,14,0,0,12,22.107000000000003,1.5790714285714287
2018-12-11,27.72,4.906000000000001,15,0,0,12,22.814,1.5209333333333332
2018-12-11,27.053,4.936,14,0,0,12,22.117,1.5797857142857143
2018-12-12,33.939,4.898,16,0,3,0,29.041,1.8150625
2018-12-12,34.129,4.914,16,0,3,0,29.214999999999996,1.8259374999999998
2018-12-13,34.052,4.828,19,0,3,0,29.224,1.5381052631578946
2018-12-13,34.239000000000004,4.862,17,0,0,0,29.377000000000002,1.7280588235294119
2018-12-13,34.51,4.843999999999999,16,0,0,0,29.665999999999997,1.8541249999999998
2018-12-16,27.414,4.883,15,0,0,12,22.531000000000002,1.5020666666666669
2018-12-16,27.81,4.938,15,0,0,12,22.872,1.5248
2018-12-16,32.078,4.873,16,0,3,1,27.205000000000002,1.7003125000000001
2018-12-16,32.371,4.88,16,0,3,1,27.491000000000003,1.7181875000000002
2018-12-17,26.935,4.874,14,0,0,11,22.061,1.5757857142857143
2018-12-17,28.612,4.793,16,0,0,11,23.819,1.4886875
2018-12-19,28.22,4.961,15,0,0,12,23.259,1.5506
2018-12-19,27.638,4.946000000000001,15,0,0,12,22.692,1.5128
2018-12-19,27.054000000000002,4.941,14,0,0,12,22.113000000000003,1.5795000000000001
2018-12-19,27.284000000000002,4.92,15,0,0,12,22.364000000000004,1.4909333333333337
2018-12-20,34.889,4.855,17,0,3,0,30.034000000000002,1.7667058823529413
2018-12-20,33.997,4.8260000000000005,17,1,3,0,29.171,1.7159411764705883
2018-12-22,30.925,4.885,15,0,3,1,26.04,1.736
2018-12-22,31.836,4.885,16,0,3,1,26.951,1.6844375
2018-12-22,30.905,4.859,15,0,3,1,26.046,1.7364
2018-12-22,31.069000000000003,4.897,15,0,3,1,26.172000000000004,1.7448000000000004
2018-12-23,35.194,4.872,16,0,3,0,30.322000000000003,1.8951250000000002
2018-12-23,33.85,4.874,17,0,3,0,28.976000000000003,1.7044705882352942
2018-12-23,35.584,4.865,19,0,3,0,30.719,1.6167894736842106
2018-12-23,33.905,4.868,17,0,3,0,29.037,1.7080588235294116
2018-12-24,31.103,4.88,15,0,3,1,26.223000000000003,1.7482000000000002
2018-12-24,32.246,4.862,16,0,3,1,27.384,1.7115
2018-12-24,32.400999999999996,4.83,16,1,3,1,27.570999999999998,1.7231874999999999
2018-12-24,32.214,4.871,16,0,3,1,27.342999999999996,1.7089374999999998
2018-12-25,34.085,4.836,17,0,3,0,29.249000000000002,1.720529411764706
2018-12-25,33.916,4.835,18,0,3,0,29.080999999999996,1.6156111111111109
2018-12-25,34.047,4.853,17,0,3,0,29.193999999999996,1.7172941176470586
2018-12-25,34.073,4.843,18,0,3,0,29.23,1.623888888888889
2018-12-27,34.249,4.85,17,0,3,0,29.399,1.7293529411764705
2018-12-27,33.963,4.856,16,0,3,0,29.107,1.8191875
2018-12-27,34.372,4.817,18,0,3,0,29.555,1.6419444444444444
2018-12-27,33.923,4.854,16,1,3,0,29.069000000000003,1.8168125000000002
2019-01-10,33.893,4.852,18,0,3,0,29.041,1.613388888888889
2019-01-10,34.188,4.832,17,0,3,0,29.356,1.7268235294117649
2019-01-10,34.189,4.817,18,0,3,0,29.372,1.6317777777777778
2019-01-10,33.915,4.848,17,0,3,0,29.067,1.7098235294117647
2019-01-13,31.128,4.8580000000000005,15,0,3,1,26.27,1.7513333333333334
2019-01-13,30.932,4.86,15,0,3,1,26.072,1.7381333333333333
2019-01-13,32.518,4.864,16,0,3,1,27.654,1.728375
2019-01-13,31.999000000000002,4.835,16,0,3,1,27.164,1.69775
2019-01-13,32.231,4.849,16,0,3,1,27.382,1.711375
2019-01-14,34.099000000000004,4.827,18,0,3,0,29.272000000000006,1.6262222222222225
2019-01-14,34.06,4.851,18,0,3,0,29.209000000000003,1.6227222222222224
2019-01-14,34.0,4.857,19,0,3,0,29.143,1.533842105263158
2019-01-14,34.048,4.836,18,0,3,0,29.212000000000003,1.622888888888889
2019-01-15,30.878,4.863,15,0,3,1,26.015,1.7343333333333333
2019-01-15,32.332,4.862,16,0,3,1,27.47,1.716875
2019-01-15,32.501,4.888,16,0,3,1,27.613,1.7258125
2019-01-15,30.737,4.875,15,0,3,1,25.862,1.7241333333333333
2019-01-15,30.803,4.843999999999999,15,0,3,1,25.959000000000003,1.7306000000000001
2019-01-17,34.001999999999995,4.8839999999999995,17,0,3,0,29.117999999999995,1.7128235294117644
2019-01-17,34.318000000000005,4.836,16,0,3,0,29.482000000000006,1.8426250000000004
2019-01-17,34.238,4.779,17,0,0,0,29.459,1.7328823529411765
2019-01-17,34.312,4.782,18,0,0,0,29.529999999999998,1.6405555555555553
2019-01-20,34.333,4.863,17,0,0,0,29.47,1.7335294117647058
2019-01-20,34.278,4.774,17,0,0,0,29.503999999999998,1.7355294117647058
2019-01-20,34.119,4.77,17,0,0,0,29.349,1.7264117647058823
2019-01-20,34.176,4.785,17,0,0,0,29.391000000000002,1.7288823529411765
2019-01-21,34.247,4.803999999999999,17,1,0,0,29.443,1.7319411764705883
2019-01-21,34.167,4.814,16,0,0,0,29.353,1.8345625
2019-01-21,34.36,4.829,16,0,0,0,29.531,1.8456875
2019-01-24,33.364000000000004,4.77,17,0,0,0,28.594000000000005,1.6820000000000004
2019-01-24,34.389,4.731,17,0,0,0,29.658,1.7445882352941178
2019-01-28,34.116,4.717,17,0,0,0,29.399,1.7293529411764705
2019-01-28,33.977,4.803,17,0,0,0,29.173999999999996,1.7161176470588233
2019-01-30,27.308000000000003,4.825,15,0,0,12,22.483000000000004,1.498866666666667
2019-01-30,27.336,4.812,15,0,0,12,22.523999999999997,1.5015999999999998
2019-01-30,29.031,4.829,16,0,0,12,24.201999999999998,1.5126249999999999
2019-02-11,33.998000000000005,4.814,18,0,0,0,29.184000000000005,1.6213333333333335
2019-02-11,34.405,4.757,16,0,0,0,29.648000000000003,1.8530000000000002
2019-02-11,34.042,4.739,15,0,0,0,29.303,1.9535333333333333
2019-02-13,34.065,4.777,14,0,0,0,29.287999999999997,2.0919999999999996
2019-02-13,34.937,4.755,16,0,0,0,30.182,1.886375
2019-02-14,30.877,4.8180000000000005,15,0,0,1,26.058999999999997,1.7372666666666665
2019-02-14,30.869,4.819,15,0,0,1,26.05,1.7366666666666668
2019-02-14,30.932,4.82,15,0,0,1,26.112,1.7408
2019-02-18,28.095,4.824,15,0,0,12,23.271,1.5514000000000001
2019-02-18,27.000999999999998,4.831,14,0,0,12,22.169999999999998,1.5835714285714284
2019-02-18,29.159000000000002,4.821000000000001,16,0,0,12,24.338,1.521125
2019-02-19,33.498000000000005,4.845,16,0,0,13,28.653000000000006,1.7908125000000004
2019-02-19,33.889,4.837,16,0,0,13,29.052000000000003,1.8157500000000002
2019-02-19,33.646,4.848,15,0,0,13,28.798000000000002,1.9198666666666668
2019-02-19,33.202,4.865,15,0,0,13,28.336999999999996,1.889133333333333
2019-02-21,34.579,4.697,16,0,0,0,29.882,1.867625
2019-02-21,33.979,4.699,17,0,0,0,29.28,1.7223529411764706
2019-02-25,33.504,4.836,16,0,0,13,28.668,1.79175
2019-02-25,33.684,4.832,17,0,0,13,28.851999999999997,1.697176470588235
2019-02-25,35.001,4.879,17,0,0,13,30.122,1.7718823529411765
2019-02-27,32.266,4.861000000000001,17,0,0,13,27.404999999999998,1.6120588235294115
2019-02-27,34.1,4.859,17,0,0,13,29.241,1.7200588235294116
2019-02-28,33.352,4.874,16,0,0,13,28.477999999999998,1.7798749999999999
2019-02-28,33.288000000000004,4.846,16,0,0,13,28.442000000000004,1.7776250000000002
2019-02-28,33.44,4.821000000000001,15,0,0,13,28.618999999999996,1.907933333333333
2019-03-03,33.297,4.855,15,0,0,13,28.441999999999997,1.896133333333333
2019-03-03,33.31,4.873,15,0,0,13,28.437,1.8958000000000002
2019-03-03,34.033,4.694,17,0,0,0,29.339000000000002,1.7258235294117648
2019-03-03,34.11,4.731,16,1,0,0,29.378999999999998,1.8361874999999999
2019-03-04,34.468,4.707,15,0,4,0,29.761000000000003,1.9840666666666669
2019-03-04,33.699,4.742,16,0,4,0,28.956999999999997,1.8098124999999998
2019-03-06,34.107,4.747,15,0,0,0,29.36,1.9573333333333334
2019-03-06,33.999,4.753,16,0,0,0,29.246000000000002,1.8278750000000001
2019-03-06,34.134,4.752,15,0,0,0,29.382,1.9588
2019-03-06,34.001,4.736000000000001,14,0,0,0,29.264999999999997,2.0903571428571426
2019-03-07,34.114000000000004,4.777,14,0,0,0,29.337000000000003,2.0955000000000004
2019-03-07,34.6,4.762,15,0,0,0,29.838,1.9892
2019-03-07,34.044000000000004,4.743,15,0,0,0,29.301000000000002,1.9534
2019-03-07,33.952,4.7565,16,0,0,0,29.1955,1.82471875
2019-03-10,33.998000000000005,4.735,15,0,0,0,29.263000000000005,1.950866666666667
2019-03-10,34.084,4.756,14,0,0,0,29.328000000000003,2.094857142857143
2019-03-10,34.242,4.708,15,0,0,0,29.534,1.9689333333333332
2019-03-10,34.304,4.757,15,0,0,0,29.547000000000004,1.9698000000000002
2019-03-18,34.001999999999995,4.706,17,0,0,0,29.295999999999996,1.7232941176470586
2019-03-18,34.08,4.718999999999999,16,0,0,0,29.360999999999997,1.8350624999999998
2019-03-18,34.181,4.74,15,0,0,0,29.440999999999995,1.962733333333333
2019-03-18,33.681999999999995,4.671,16,0,0,0,29.010999999999996,1.8131874999999997
2019-03-24,34.001,4.72,15,0,0,0,29.281,1.9520666666666666
2019-03-24,34.816,4.748,17,0,0,0,30.068,1.7687058823529413
2019-03-24,33.861999999999995,4.754,16,0,0,0,29.107999999999997,1.8192499999999998
2019-03-24,34.001,4.723,16,0,0,0,29.278,1.829875
2019-03-26,34.04,4.732,16,0,0,0,29.308,1.83175
2019-03-26,34.223,4.707,15,0,0,0,29.516,1.9677333333333331
2019-03-26,35.153,4.76,15,0,0,0,30.393,2.0262000000000002
2019-03-26,34.214,4.742,16,0,0,0,29.471999999999998,1.8419999999999999
2019-03-27,27.829,4.859,15,0,0,12,22.97,1.5313333333333332
2019-03-27,27.665,4.854,15,0,0,12,22.811,1.5207333333333333
2019-04-01,27.807,4.8919999999999995,15,0,0,12,22.915,1.5276666666666665
2019-04-01,27.933000000000003,4.8260000000000005,16,0,0,12,23.107000000000003,1.4441875000000002
2019-04-04,28.002,4.869,15,0,0,12,23.133,1.5422
2019-04-04,27.763,4.857,15,0,0,12,22.906000000000002,1.5270666666666668
2019-04-04,28.043000000000003,4.872,15,0,0,12,23.171000000000003,1.5447333333333335
2019-04-04,27.914,4.848,15,0,0,12,23.066000000000003,1.5377333333333334
2019-04-08,27.804000000000002,4.875,15,0,0,12,22.929000000000002,1.5286000000000002
2019-04-08,27.835,4.855,15,0,0,12,22.98,1.532
2019-04-08,28.406999999999996,4.815,16,1,0,12,23.591999999999995,1.4744999999999997
2019-04-08,27.776999999999997,4.835,16,0,0,12,22.941999999999997,1.4338749999999998
2019-04-17,27.899,4.831,15,0,0,12,23.068,1.5378666666666667
2019-04-17,27.723000000000003,4.864,16,0,0,12,22.859,1.4286875
2019-04-17,27.526999999999997,4.845,15,0,0,12,22.682,1.5121333333333333
2019-04-17,29.232,4.829,16,0,0,12,24.403,1.5251875
2019-04-18,28.683000000000003,4.86,16,0,0,12,23.823000000000004,1.4889375000000002
2019-04-18,28.116999999999997,4.842,15,0,0,12,23.275,1.5516666666666665
2019-04-18,27.769000000000002,4.851,15,0,0,12,22.918000000000003,1.527866666666667
2019-04-18,28.079,4.867,15,0,0,12,23.212,1.5474666666666665
2019-04-22,34.088,4.707,16,0,0,0,29.381,1.8363125
2019-04-22,34.251,4.705,16,0,0,0,29.546,1.846625
2019-04-23,34.248000000000005,4.8069999999999995,18,0,0,0,29.441000000000006,1.6356111111111113
2019-04-23,34.264,4.824,18,0,0,0,29.440000000000005,1.6355555555555559
2019-04-25,34.113,4.691,17,0,0,0,29.422,1.7307058823529413
2019-04-25,34.561,4.7,16,0,0,0,29.861,1.8663125
2019-04-25,33.995,4.698,17,0,0,0,29.296999999999997,1.7233529411764703
2019-05-14,29.551,4.735,17,0,0,14,24.816,1.4597647058823529
2019-05-14,30.891,4.791,18,0,0,14,26.099999999999998,1.45
2019-05-14,30.528000000000002,4.79,18,0,0,14,25.738000000000003,1.429888888888889
2019-05-14,29.358,4.765,17,0,0,14,24.593,1.4466470588235294
2019-05-15,34.591,4.762,18,0,0,0,29.829,1.6571666666666667
2019-05-15,34.233000000000004,4.803999999999999,17,0,0,0,29.429000000000006,1.7311176470588239
2019-05-19,34.052,4.785,17,0,0,0,29.267,1.7215882352941176
2019-05-19,34.157,4.797,16,0,0,0,29.359999999999996,1.8349999999999997
2019-05-29,34.305,4.775,16,0,0,0,29.53,1.845625
2019-05-29,34.344,4.775,17,0,0,0,29.569000000000003,1.7393529411764708
2019-06-10,34.614000000000004,4.745,17,0,0,0,29.869000000000003,1.7570000000000001
2019-06-10,34.305,4.776,16,0,0,0,29.529,1.8455625
2019-06-13,34.18,4.77,16,0,0,0,29.41,1.838125
2019-06-13,35.141999999999996,4.834,17,0,0,0,30.307999999999996,1.7828235294117645
2019-06-14,34.138000000000005,4.798,15,0,0,0,29.340000000000003,1.9560000000000002
2019-06-14,34.14,4.794,16,0,0,0,29.346,1.834125
2019-06-17,34.375,4.822,15,0,0,0,29.553,1.9702
2019-06-17,34.201,4.785,15,0,0,0,29.416,1.9610666666666667
2019-06-18,33.995,4.7860000000000005,16,0,0,0,29.208999999999996,1.8255624999999998
2019-06-18,34.275,4.78,16,0,0,0,29.494999999999997,1.8434374999999998
2019-06-20,34.271,4.802,16,0,0,0,29.469,1.8418125
2019-06-20,34.211999999999996,4.791,15,0,0,0,29.420999999999996,1.9613999999999998
2019-06-24,34.001,4.815,16,1,0,0,29.185999999999996,1.8241249999999998
2019-06-24,35.816,4.815,17,0,0,0,31.001,1.8235882352941177
2019-07-02,34.354,4.8260000000000005,16,0,0,0,29.528,1.8455
2019-07-02,34.257,4.823,17,0,0,0,29.433999999999997,1.7314117647058822
2019-07-03,34.152,4.8,16,0,0,0,29.352,1.8345
2019-07-03,34.427,4.803,17,0,0,0,29.624,1.7425882352941175
2019-07-10,34.406,4.806,16,0,0,0,29.599999999999998,1.8499999999999999
2019-07-10,34.228,4.783,17,0,0,0,29.445,1.7320588235294119
2019-07-11,34.201,4.816,16,0,0,0,29.385,1.8365625
2019-07-11,35.369,4.8260000000000005,16,0,0,0,30.543,1.9089375
2019-08-01,34.131,4.8260000000000005,17,0,0,0,29.305,1.7238235294117648
2019-08-01,34.179,4.797,17,0,0,0,29.382,1.7283529411764706
2019-08-05,33.531,4.794,16,0,0,0,28.737,1.7960625
2019-08-05,33.167,4.691,16,1,0,0,28.476000000000003,1.7797500000000002
2019-08-07,33.405,4.781000000000001,16,0,0,0,28.624000000000002,1.7890000000000001
2019-08-07,33.177,4.792,16,0,0,0,28.384999999999998,1.7740624999999999
2019-08-07,32.974000000000004,4.752,15,0,0,0,28.222000000000005,1.881466666666667
2019-08-08,34.247,4.769,17,0,0,0,29.478,1.734
2019-08-08,34.001999999999995,4.711,17,1,0,0,29.290999999999997,1.7229999999999999
2019-08-08,34.437,4.739,18,0,0,0,29.697999999999997,1.6498888888888887
2019-08-08,34.343,4.739,17,0,0,0,29.604000000000003,1.7414117647058824
